{"cameraMode":{"drawMode":0,"name":"Shaded","section":"Shading Mode"},"sceneLighting":true,"audioPlay":false,"sceneViewState":{"showFog":true,"showMaterialUpdate":true,"showSkybox":true,"showFlares":true,"showImageEffects":true,"showParticleSystems":true},"in2DMode":false,"pivot":{"x":-7.43727970123291,"y":5.666069507598877,"z":8.202059745788575},"rotation":{"x":-0.14637908339500428,"y":0.792344331741333,"z":-0.209347203373909,"w":-0.5540193319320679},"size":12.677230834960938,"orthographic":false}