{"cameraMode":{"drawMode":0,"name":"Shaded","section":"Shading Mode"},"sceneLighting":true,"audioPlay":false,"sceneViewState":{"showFog":true,"showMaterialUpdate":true,"showSkybox":true,"showFlares":true,"showImageEffects":true,"showParticleSystems":true},"in2DMode":false,"pivot":{"x":-7.309961795806885,"y":3.1672098636627199,"z":11.44421672821045},"rotation":{"x":-0.07500776648521424,"y":0.8443350195884705,"z":-0.12269847095012665,"w":-0.5161563754081726},"size":12.677230834960938,"orthographic":false}