{"cameraMode":{"drawMode":0,"name":"Shaded","section":"Shading Mode"},"sceneLighting":true,"audioPlay":false,"sceneViewState":{"showFog":true,"showMaterialUpdate":true,"showSkybox":true,"showFlares":true,"showImageEffects":true,"showParticleSystems":true},"in2DMode":false,"pivot":{"x":10.918251037597657,"y":-16.712234497070314,"z":-6.6717071533203129},"rotation":{"x":0.09177049249410629,"y":0.8967767357826233,"z":-0.22117716073989869,"w":0.3720892369747162},"size":87.34956359863281,"orthographic":false}