{"cameraMode":{"drawMode":0,"name":"Shaded","section":"Shading Mode"},"sceneLighting":true,"audioPlay":false,"sceneViewState":{"showFog":true,"showMaterialUpdate":true,"showSkybox":true,"showFlares":true,"showImageEffects":true,"showParticleSystems":true},"in2DMode":false,"pivot":{"x":1.1978228092193604,"y":-0.08054876327514649,"z":-0.8202540874481201},"rotation":{"x":-0.04337076470255852,"y":0.9564560651779175,"z":-0.21318893134593965,"w":-0.19457975029945374},"size":66.44373321533203,"orthographic":false}